video name,codec,status,original size,encoded size,compression ratio,original bitrate,encoded bitrate,bitrate savings,PSNR,SSIM,encoding time,quality-to-bitrate,error
mp4_for_test.mp4,HEVC,ok,0.42937660217285156,0.15032482147216797,2.8563253757287774,1797.056,616.728,65.6812030342961,35.481996,0.941484,0.37188053131103516,57.53264972564891,
mp4_for_test.mp4,VVC,ok,0.42937660217285156,0.05512714385986328,7.788841795692414,1797.056,226.492,87.3964973823854,31.990826,0.894363,6.4701619148254395,141.2448386697985,
